<?xml version="1.0" encoding="UTF-8"?>


<Configuration>
	<Appenders>
		<Console name="Console" target="SYSTEM_OUT">
			<PatternLayout
				pattern="%d{ISO8601} [%t] %-5level %logger{36}:%L - %msg%n" />
		</Console>

		<!-- <RollingFile name="RollingFile" fileName="./logs/agent-selenium.log" filePattern="./logs/$${date:yyyy-MM}/agent-selenium-%d{-dd-MMMM-yyyy}-%i.log.gz"> -->
		<RollingFile name="RollingFile"
			fileName="./logs/agent/agent-selenium.log"
			filePattern="./logs/agent/archive/agent-selenium-%d{yyyy-MM-dd-HH-mm-ss}-%i.log.gz">
			<PatternLayout>
				<pattern>%d{ISO8601} [%t] %-5level %logger{36}:%L - %msg%n
				</pattern>
			</PatternLayout>
			<Policies>
				<!-- rollover on startup, daily and when the file reaches 10 MegaBytes -->
				<SizeBasedTriggeringPolicy size="10MB" />
			</Policies>
		</RollingFile>
	</Appenders>

	<Loggers>
		<!-- LOG everything at INFO level -->
		<Root>
			<AppenderRef ref="Console" />
			<AppenderRef ref="RollingFile" />
		</Root>

		<Logger name="com.kumaran" level="info"></Logger>
	</Loggers>

</Configuration>
