{  
   "stepId":213,
   "transactionId":1007,
   "attributes":[  
      {  
         "101":"Bm00961"
      },
      {  
         "102":"click"
      },
      {  
         "103":[  
            {  
               "104":"Credit Writer - Wealth Management",
               "105":"Credit Specialist",
               "106":"click",
               "107":"click"
            }
         ]
      },
	  
	   {  
         "185":[  
            {  
               "186":"ICAP_RNDIV_08102018_01",
               "187":"08-Oct-2018",
              
            }
         ]
      },
	  
	  
	  
      {  
         "108":"click"
      },
      {  
         "109":"click"
      },
      {  
         "110":"click"
      },
      {  
         "111":"click"
      },
      {  
         "112":"kart2224"
      },
      {  
         "113":"kart2224"
      },
      {  
         "114":"click"
      },
      {  
         "115":"click"
      },
      {  
         "116":"kart2224"
      },
      {  
         "117":"click"
      },
      {  
         "118":"click"
      },
      {  
         "119":"Prospect"
      },
      {  
         "120":"click"
      },
      {  
         "121":"1384, LD00227, CreditWriterWM (LD00227)"
      },
      {  
         "122":"39031, , CreditWriterWM (ME00405)"
      },
      {  
         "123":"click"
      },
      {  
         "124":"Individual"
      },
      {  
         "125":"Ok"
      },
      {  
         "126":"100"
      },
      {  
         "127":"click"
      },
      {  
         "128":[  
            {  
               "129":"click",
               "130":"Key_Off",
               "131":"click",
               "132":"click",
               "133":"click",
               "134":"23-Feb-1978",
               "135":"Married",
               "136":"click"
            }
         ]
      },
      {  
         "137":"click"
      },
      {  
         "138":"click"
      },
      {  
         "140":"click"
      },
      {  
         "141":"Public Sector Entities (PSE)"
      },
      {  
         "142":"CAN/US Federal Government"
      },
      {  
         "143":"Canada"
      },
      {  
         "144":"comments"
      },
      {  
         "145":"click"
      },
      {  
         "146":"click"
      },
      {  
         "147":"click"
      },
      {  
         "148":"click"
      },
      {  
         "149":"click"
      },
      {  
         "150":"23-Dec-2019"
      },
      {  
         "151":"click"
      },{  
         "152":"click"
      }
   ],
   "validations":[  
      {  
         "id":153,
         "control_name":"TableValidation",
         "pre_post":"post",
         "comparison_method":"",
		  "validation_type":"TABLE_VALIDATION",
         "expected_value":"",
         "boundary_start":"",
         "boundary_end":"",
         "row_number":"12",
		 "unique_RowData":"",
         "content_in_row":"ICAP_RDIV_10102018_10",
         "column_heading":"Borrower Name"
      }
      
   ]
}